Algorithm,Runtime_Seconds,Number_of_Frequent_Itemsets,Number_of_Rules,Average_Lift,Max_Lift
Apriori,74.0357,1187,1173,11.728141356370479,52.646405193019724
FP-Growth,4.1963,1187,1173,11.72814135637048,52.646405193019724
